{"count":1,"self":17.6300944,"total":18.020928299999998,"children":{"InitializeActuators":{"count":32,"self":0.0015245,"total":0.0015245,"children":null},"InitializeSensors":{"count":32,"self":0.0010387999999999999,"total":0.0010387999999999999,"children":null},"AgentSendState":{"count":643,"self":0.0235491,"total":0.0548728,"children":{"CollectObservations":{"count":4128,"self":0.018416599999999998,"total":0.018416599999999998,"children":null},"WriteActionMask":{"count":4128,"self":0.0030304999999999998,"total":0.0030304999999999998,"children":null},"RequestDecision":{"count":4128,"self":0.0098766,"total":0.0098766,"children":null}}},"DecideAction":{"count":643,"self":0.024595799999999998,"total":0.024595799999999998,"children":null},"AgentAct":{"count":643,"self":0.30880209999999997,"total":0.30880209999999997,"children":null}},"gauges":{},"metadata":{"timer_format_version":"0.1.0","start_time_seconds":"1736496492","unity_version":"6000.0.25f1","command_line_arguments":"C:\\Program Files\\Unity\\Hub\\Editor\\6000.0.25f1\\Editor\\Unity.exe -projectpath C:\\Users\\Mart9\\Workspace\\MAS\\MAS2025-Assignment-1 -useHub -hubIPC -cloudEnvironment production","communication_protocol_version":"1.5.0","com.unity.ml-agents_version":"3.0.0","scene_name":"MLAgents","end_time_seconds":"1736496510"}}